{"cameraMode":{"drawMode":0,"name":"Shaded","section":"Shading Mode"},"sceneLighting":false,"audioPlay":false,"sceneViewState":{"m_AlwaysRefresh":false,"showFog":true,"showSkybox":false,"showFlares":true,"showImageEffects":true,"showParticleSystems":true,"showVisualEffectGraphs":true,"m_FxEnabled":true},"in2DMode":false,"pivot":{"x":0.0038987398147583009,"y":0.14768974483013154,"z":-0.003451794385910034},"rotation":{"x":-0.10491370409727097,"y":0.8126484155654907,"z":-0.15444307029247285,"w":-0.5520339012145996},"size":0.5368495583534241,"orthographic":false}