{"cameraMode":{"drawMode":0,"name":"Shaded","section":"Shading Mode"},"sceneLighting":false,"audioPlay":false,"sceneViewState":{"m_AlwaysRefresh":false,"showFog":true,"showSkybox":false,"showFlares":true,"showImageEffects":true,"showParticleSystems":true,"showVisualEffectGraphs":true,"m_FxEnabled":true},"in2DMode":false,"pivot":{"x":1.1920928955078126e-7,"y":0.8685727715492249,"z":-0.017406180500984193},"rotation":{"x":-0.013324410654604435,"y":0.9443734288215637,"z":-0.038561008870601657,"w":-0.32632312178611758},"size":1.4220218658447266,"orthographic":false}