{"cameraMode":{"drawMode":0,"name":"Shaded","section":"Shading Mode"},"sceneLighting":false,"audioPlay":false,"sceneViewState":{"m_AlwaysRefresh":false,"showFog":false,"showSkybox":false,"showFlares":false,"showImageEffects":false,"showParticleSystems":false,"showVisualEffectGraphs":true,"m_FxEnabled":true},"in2DMode":false,"pivot":{"x":0.005775243043899536,"y":0.8287964463233948,"z":0.04960700869560242},"rotation":{"x":-0.0703338086605072,"y":0.9178456664085388,"z":-0.18874259293079377,"w":-0.34202656149864199},"size":1.0664198398590088,"orthographic":false}